"SNP","CHROM","POS","REF","ALT","Effect","SE","pheotype.FarmCPU"
"ARS-BFGL-NGS-100563",5,99077991,"C","A",0.663309394784128,0.124720766716377,1.23763007846068e-08
"ARS-USDA-AGIL-chr26-44746016-000548",26,44746016,"T","G",0.552863575114276,0.127036225702374,1.13476510991592e-06
"BTB-01892890",29,7025142,"T","C",0.332464095652852,0.0771002736666566,3.056064340299e-07
