"SNP","CHROM","POS","REF","ALT","Effect","SE","pheotype.FarmCPU"
"BovineHD1300014447",13,50009601,"A","G",0.0236993711049053,0.00502399744102405,1.28336021191874e-07
"ARS-BFGL-NGS-75890",14,68199931,"G","A",0.558449635794866,0.12120003376826,9.25839073891519e-07
"BovineHD1600000152",16,698678,"G","A",-0.0195902429623132,0.00468697710105262,1.13272663537847e-06
"Hapmap27983-BTA-163473",16,18646636,"G","A",0.194892691821442,0.0411147605941121,2.79205291986569e-07
"BovineHD3000036571",30,128893056,"G","A",0.0124535361028702,0.00499376550170074,4.55992506799848e-07
