"SNP","CHROM","POS","REF","ALT","Effect","SE","pheotype.GLM"
"ARS-BFGL-NGS-119161",1,71070958,"C","T",-0.025802370808358,0.00514760777943128,5.96472651677782e-07
"BTB-01394423",13,49963611,"A","G",0.0314960258168149,0.00564699762391477,2.8568359154262e-08
"BovineHD1300014447",13,50009601,"A","G",0.0333471351346692,0.00559685444961101,3.12568766902737e-09
"ARS-BFGL-NGS-75890",14,68199931,"G","A",0.730881614630553,0.138312341337456,1.43432443943433e-07
"BovineHD3000036571",30,128893056,"G","A",0.0272222793760438,0.00537413110995247,4.54322281831449e-07
