"SNP","CHROM","POS","REF","ALT","Effect","SE","pheotype.FarmCPU"
"BovineHD0100039519",1,138442780,"A","C",0.0186266287556963,0.00376766981881381,4.75628245680779e-08
"ARS-BFGL-NGS-33001",6,105258704,"G","A",-0.0179664042759883,0.00379636737315493,4.93560420170262e-07
"BovineHD0800031399",8,105326865,"A","C",0.0213576555218332,0.00397122581495467,1.88438046945008e-08
"BovineHD1200017499",12,63757564,"C","A",0.0181938006610008,0.00395006098346843,9.06863767374922e-08
"BovineHD2900002136",29,7552034,"G","T",-0.0197565998633397,0.00399877731905526,1.95543571167545e-08
