"SNP","CHROM","POS","REF","ALT","Effect","SE","pheotype.FarmCPU"
"BovineHD0100019865",1,69651063,"T","C",-0.0672412588002076,0.0143101629016924,2.27174408984489e-07
