"SNP","CHROM","POS","REF","ALT","Effect","SE","pheotype.MLM"
"BovineHD1800005128",18,16411161,"G","A",-0.088442742840094,0.0179153683673598,8.75995927119163e-07
