"SNP","CHROM","POS","REF","ALT","Effect","SE","pheotype.FarmCPU"
"BovineHD0400022351",4,80902019,"T","G",0.0426744701908562,0.00764825145874568,4.32905278221803e-09
"BovineHD2200010872",22,38188443,"C","T",0.0257755230269695,0.00518041159442528,8.15167999317779e-08
"BovineHD3000019134",30,65557805,"C","T",0.0249993742299313,0.00577267393484612,5.97905086201603e-07
