"SNP","CHROM","POS","REF","ALT","Effect","SE","pheotype.FarmCPU"
"ARS-BFGL-NGS-34990",8,11337522,"A","G",0.0068307860667743,0.00161904464238648,9.84313253226355e-07
"AX-27555724",8,84644445,"G","T",-0.00638807490796709,0.00147439861739023,1.11274176269317e-06
"ARS-BFGL-NGS-15402",17,11518115,"T","C",0.0076643411286789,0.00154834429844226,1.65691626472775e-07
