"SNP","CHROM","POS","REF","ALT","Effect","SE","pheotype.GLM"
"ARS-BFGL-NGS-107479",18,40871506,"T","C",0.236576479479321,0.0423825385849747,2.78386587917388e-08
"BovineHD2500007500",25,26663392,"C","T",-0.234242459753337,0.0458423483042843,3.60821682595523e-07
