"SNP","CHROM","POS","REF","ALT","Effect","SE","pheotype.FarmCPU"
"BovineHD0300028970",3,101202890,"T","C",-0.185365211824914,0.0393468311832197,1.72124539098039e-07
"BovineHD0700028128",7,96583831,"C","T",-0.274384259918455,0.0558101063678753,1.38937073522565e-07
