"SNP","CHROM","POS","REF","ALT","Effect","SE","pheotype.GLM"
"ARS-BFGL-NGS-27018",30,30205688,"T","C",0.596123558829614,0.118519390684026,5.45931629235321e-07
