"SNP","CHROM","POS","REF","ALT","Effect","SE","pheotype.FarmCPU"
"BovineHD0100019865",1,69651063,"T","C",-0.0537247867236184,0.0118537268890287,4.99806355867869e-07
"Hapmap48014-BTA-59805",5,15369811,"C","T",0.0484197986072724,0.0116803024339352,4.35701384618115e-07
"BovineHD2900009379",29,31415456,"C","T",-0.0539485529536419,0.0112428000307388,1.95815595154288e-07
"BovineHD3000029498",30,107560031,"G","A",-0.0568728897438256,0.0132408101761748,4.2972740422359e-07
