"SNP","CHROM","POS","REF","ALT","Effect","SE","pheotype.FarmCPU"
"BovineHD0100039519",1,138442780,"A","C",0.0340163639611221,0.00772985486202893,6.84474072339455e-07
"BovineHD1400023113",14,81866837,"G","A",0.0404671896312155,0.00855818207192518,6.23181299581632e-07
"ARS-BFGL-NGS-22276",17,55816005,"T","C",0.0380170399722133,0.00773761391682218,7.01557351642907e-08
"BovineHD2100014553",21,50535389,"G","A",0.0561037313147374,0.0103324406263913,8.19802350497074e-09
