"SNP","CHROM","POS","REF","ALT","Effect","SE","pheotype.FarmCPU"
"BovineHD2200008234",22,28358576,"C","T",0.268793510636095,0.053976536971731,7.0436704364989e-07
"BovineHD3000036571",30,128893056,"G","A",0.217017143938717,0.0440226314431268,9.08090228914836e-07
