"SNP","CHROM","POS","REF","ALT","Effect","SE","pheotype.GLM"
"ARS-BFGL-NGS-27018",30,30205688,"T","C",0.671700038846668,0.131642913898292,3.74949149339828e-07
