"SNP","CHROM","POS","REF","ALT","Effect","SE","pheotype.GLM"
"Hapmap59820-rs29019798",1,69690407,"C","T",0.994605739206193,0.199041824390565,6.45098961870456e-07
"BovineHD0200019277",2,66626570,"T","C",0.883218350223252,0.180061021568607,1.02708515939814e-06
"BovineHD0800004293",8,13489399,"G","A",1.07861590272585,0.218136115961741,8.41360266478713e-07
"BTB-00415258",10,28680745,"T","C",-0.976371750250195,0.180372539899533,7.1192248985686e-08
"BTA-89103-no-rs",10,31503971,"G","A",-0.986268375759181,0.192800208116727,3.49969996322138e-07
"BovineHD4100008771",11,42603193,"A","G",-1.19584045161097,0.231765532290571,2.7767476471926e-07
"Hapmap51421-BTA-21975",12,40396118,"A","G",-0.957394841241303,0.193327594148453,8.10037900701771e-07
"BovineHD1200012245",12,44087897,"A","G",-1.08622844816596,0.179407365726592,1.74480692960937e-09
"BTA-11801-no-rs",12,45268668,"G","A",-0.919497307966573,0.180642200839647,3.99280363250933e-07
"BovineHD2400012581",24,45774238,"T","G",0.916234121646809,0.17809302990762,3.00425595013313e-07
"ARS-BFGL-NGS-15066",29,6976219,"C","T",0.886013032134471,0.181112989157615,1.096597331515e-06
"UA-IFASA-7566",29,7017457,"C","T",0.886013032134471,0.181112989157615,1.096597331515e-06
