"SNP","CHROM","POS","REF","ALT","Effect","SE","pheotype.FarmCPU"
"BovineHD1500018842",15,65783563,"G","A",0.202541954859657,0.0418267650715825,1.06734096909287e-07
"BovineHD3000029498",30,107560031,"G","A",-0.199760830702503,0.0466306038282336,1.06760368488337e-06
