"SNP","CHROM","POS","REF","ALT","Effect","SE","pheotype.FarmCPU"
"BTB-00387033",9,29200566,"C","T",0.0715842741081946,0.0160999818124219,5.81037895310783e-07
"BovineHD1200006970",12,23207932,"C","T",-0.102781398902852,0.0235299519049395,5.55509212407702e-07
"BovineHD3000011570",30,35282395,"T","C",0.0790969875120189,0.0150104257982262,2.01385830842892e-08
