"SNP","CHROM","POS","REF","ALT","Effect","SE","pheotype.FarmCPU"
"BovineHD1300022078",13,76311677,"T","C",0.580890257108229,0.141110065858906,4.50133486226607e-07
"ARS-USDA-AGIL-chr24-46907845-000534",24,46907845,"C","A",-0.961849130926227,0.158249763854658,2.06813009581298e-10
"ARS-BFGL-NGS-93595",24,53434181,"G","A",2.19050638135034,0.448879355380228,1.75691883648843e-07
