"SNP","CHROM","POS","REF","ALT","Effect","SE","pheotype.GLM"
"BovineHD0200019277",2,66626570,"T","C",0.811495912897989,0.154098519231585,1.57971464836137e-07
"Hapmap34836-BES2_Contig346_959",26,49620433,"T","C",-0.737779464809094,0.150855739483888,1.10459485198182e-06
"BovineHD3000033755",30,119956438,"G","A",-0.927235227949826,0.174910231517123,1.30824014771397e-07
