"SNP","CHROM","POS","REF","ALT","Effect","SE","pheotype.FarmCPU"
"BTB-01865288",6,40557209,"T","G",-0.0912980530966784,0.0203807687018702,1.07901182487118e-06
"BovineHD2200013291",22,46165111,"C","T",0.109639912902653,0.020352515674958,1.33121975924083e-08
