"SNP","CHROM","POS","REF","ALT","Effect","SE","pheotype.MLM"
"BovineHD2200013291",22,46165111,"C","T",0.127815102332913,0.0260980247133892,1.07020199910231e-06
